{
    "BundlesLayout": {
        "m_Guids": [],
        "m_Bundles": []
    },
    "BundleDependencies": {
        "m_List": []
    },
    "BlueprintPatches": [
        {
            "Guid": "5f9c3a4d2f8e439883a1722c1d8b91b9",
            "Filename": "Adept_PreciseAttack_Buff",
            "PatchType": 1
        },
        {
            "Guid": "197b8a8a12b0442db7ffee1067cf3d97",
            "Filename": "Adept_ExposeWeakness_Ability",
            "PatchType": 1
        },
        {
            "Guid": "349c91e2137a4a18a386d930bea58747",
            "Filename": "Adept_TideOfExcellence_EffectBuff",
            "PatchType": 1
        },
        {
            "Guid": "502b9195c84c42c5b180f3f63ed7955c",
            "Filename": "Adept_Keystone_Ability",
            "PatchType": 1
        },
        {
            "Guid": "882f658e49f34143a0e01ace79a3cfc7",
            "Filename": "Adept_PassiveLearning_Buff",
            "PatchType": 1
        },
        {
            "Guid": "6cfd9b9830ea403db07a816843a8e39a",
            "Filename": "Adept_Keystone_Feature",
            "PatchType": 1
        },
        {
            "Guid": "8341c8a0c79c4982a8cef0bbd2d1a2a2",
            "Filename": "Adept_OffbeatSight_Talent",
            "PatchType": 1
        },
        {
            "Guid": "1d6a3bacdb914699b83d564a1f22bfbc",
            "Filename": "Adept_CombatInsight_Talent",
            "PatchType": 1
        },
        {
            "Guid": "a2c8d30542b84a84bcc6480cf374c516",
            "Filename": "Adept_ExposeWeakness_Buff",
            "PatchType": 1
        },
        {
            "Guid": "740426ff3a6a4bbe97b81a4e6e7e4455",
            "Filename": "Adept_OffencePrediction_Buff",
            "PatchType": 1
        },
        {
            "Guid": "bca05f1815dc49ed870306461a4cd686",
            "Filename": "Adept_SnipingSHot_Buff",
            "PatchType": 1
        },
        {
            "Guid": "fbdba5fe2a264c25bada29aecd64049a",
            "Filename": "Adept_ExposeWeakness_Feature",
            "PatchType": 1
        },
        {
            "Guid": "3d550e92570c4605a60d59c42e8125bf",
            "Filename": "Adept_ReactiveStudy_AreaEffect",
            "PatchType": 1
        },
        {
            "Guid": "d9e00160ce96479281c1abe9a26ac4e5",
            "Filename": "Adept_PreciseAttack_Feature",
            "PatchType": 1
        },
        {
            "Guid": "45fca2ad6687442ea64f166fe36edeeb",
            "Filename": "Adept_Sharpshooter_EffectBuff",
            "PatchType": 1
        },
        {
            "Guid": "663d238524554308bd50f3d149ada085",
            "Filename": "Adept_JointOffence_AllyBuff",
            "PatchType": 1
        },
        {
            "Guid": "832dd8b02731461a881775696d937d71",
            "Filename": "Adept_JointOffence_Talent",
            "PatchType": 1
        },
        {
            "Guid": "ed9d1434d0fd41e2a382a2efe0a2018a",
            "Filename": "Adept_FreshTarget_Talent",
            "PatchType": 1
        },
        {
            "Guid": "6bc423e71af648d39d9f5d07b6f402dc",
            "Filename": "Adept_FreshTarget_Buff",
            "PatchType": 1
        },
        {
            "Guid": "d983fdecfc444017991a6f9b703da01a",
            "Filename": "AdeptUltimateAbility_SecondHand",
            "PatchType": 1
        },
        {
            "Guid": "c4c25ebbdea341c5a153c073240d574d",
            "Filename": "AdeptUltimateAbility",
            "PatchType": 1
        }
    ]
}