{
    "BundlesLayout": {
        "m_Guids": [],
        "m_Bundles": []
    },
    "BundleDependencies": {
        "m_List": []
    },
    "BlueprintPatches": [
        {
            "Guid": "b509a3ee5ab44253b4b859dd5f3dbffb",
            "Filename": "Leader_BreakTheirRanks_Ability",
            "PatchType": 1
        },
        {
            "Guid": "59e769a14ac143f9b114224d0669ee36",
            "Filename": "Leader_BreakTheirRanks_ApplyBuff",
            "PatchType": 1
        },
        {
            "Guid": "d36653bcf9b643f68c5dac1fc76fab4a",
            "Filename": "Leader_AirOfAuthority_Buff",
            "PatchType": 1
        },
        {
            "Guid": "3a4d9ccff9cf40bd88fa018e05ec550d",
            "Filename": "Leader_TakeAim_Ability",
            "PatchType": 1
        },
        {
            "Guid": "32c0e0539f8548b08780089f8006f54a",
            "Filename": "Leader_AirOfAuthority_Ability",
            "PatchType": 1
        },
        {
            "Guid": "06b5bc0045394c7b8fd516341218f1ac",
            "Filename": "MoreThanPossible_Leader_Buff",
            "PatchType": 1
        },
        {
            "Guid": "bf902ffd51c34e818e1d7a805b333669",
            "Filename": "Leader_TakeAim_Buff",
            "PatchType": 1
        },
        {
            "Guid": "35593034ffe240aba26ee38b5baa5a80",
            "Filename": "LeaderYouAreStrongerThanThisBuff",
            "PatchType": 1
        },
        {
            "Guid": "083057fc1a6b47f29ea0409337135030",
            "Filename": "LeaderYouAreStrongerThanThisAbility",
            "PatchType": 1
        },
        {
            "Guid": "279842de6dd54fd7a21f753e242aba0d",
            "Filename": "MoreThanPossible_Leader_BuffVoiceOfCommand",
            "PatchType": 1
        },
        {
            "Guid": "13cef12ff4e646b4892977051d682e8a",
            "Filename": "PersonalExample_Leader_SelfBuff",
            "PatchType": 1
        },
        {
            "Guid": "b370f94b75ac4261b6812960138d19e7",
            "Filename": "PersonalExample_Leader_Talent",
            "PatchType": 1
        }
    ]
}