{
    "strings": {
        "c06a7a72-385c-477d-aad6-7a7a84e6c1d0": {
            "Text": "Melta weapon attacks gain the following bonuses:\n<b>Base Damage Bonus</b>: + Weapon's Maximum Damage bonus.\n<b>Damage Bonus(%)</b>: +{uip|damagebonus|4fa4dbc023474337990840e305d06fa4}.\n<b>Single-shot AP Cost</b>: -1 AP (minimum 1).\nCritical hits do additional base damage equal to the current weapon's minimum damage bonus."
        },
        "adb88c4d-799a-45d6-8c75-be8ac5ec96e6": {
            "Text": "<u>25 + ({g|Encyclopedia:WarhammerBallisticSkill}BS{/g} bonus × 3) + (Tech Use / 6)</u>"
        },
        "cabcbd5c-e59f-4e49-a001-4b6d54ea2e63": {
            "Text": "Plasma weapon gain the following bonuses:\n<b>Base Damage Bonus</b>: +(Current weapon's maximum damage / 2)\n<b>{g|Encyclopedia:DamageGlossary}Damage{/g} Bonus %</b>: +{uip|damagebonus|fdc990cb73114e4d8a7575813936cec9}\n<b>Hit Chance Bonus %</b>: +5.\n<b>Critical Base Damage Bonus</b>: + Current weapon's minimum damage / 2"
        },
        "0b1bb5af-0db6-4cdc-bf7e-d4ac4f9bca87": {
            "Text": "<u>25 + ({g|Encyclopedia:WarhammerBallisticSkill}BS{/g} bonus × 2) + (Tech Use / 8)</u>"
        },
        "9cdcd518-1127-47c2-8c5b-b5f85a3f8804": {
            "Text": "Bolt weapon attacks gain the following bonuses:\n<b>Base Damage Bonus</b>: + Current weapon's maximum damage / 2\n<b>{g|Encyclopedia:ArmourPenetration}Armour Penetration{/g} Bonus %</b>: +{uip|penetrationbonus|72b608c024174a13b60b70675e4ca840}\n<b>Damage Bonus %</b>: +{uip|damagebonus|72b608c024174a13b60b70675e4ca840}\n<b>Recoil</b>:-25%.\n<b>Hit Chance Bonus %</b>: +5\n<b>Bleed Damage on Critical Hits</b>: Current weapon's minimum damage"
        },
        "8a8ee235-781b-4702-949f-ea976b9bf8fa":{
            "Text": "<u>25 + {g|Encyclopedia:WarhammerBallisticSkill}BS{/g} bonus × 3</u>"
        },
        "7f09b9fe-5d22-4cff-a2a8-cfa8429784c5": {
            "Text": "<u>20 + {g|Encyclopedia:WarhammerPerception}PER{/g} bonus</u>"
        },
        "2b816671-4493-4dcc-8cd1-5056ad133fdb": {
            "Text": "Chain weapon attacks gain the following bonuses:\n<b>Base Damage Bonus</b>: +Current Weapon Minimum Damage / 2\n<b>Damage Bonus %</b>: +{uip|damagebonus|2259197e773b45d0a2f51fc57ccd2133}\n<b>{g|Encyclopedia:ArmourPenetration}Armour Penetration{/g} Bonus %</b>: +5\n<b>Parry Reduction Bonus %</b>: -{uip|parrychance|2259197e773b45d0a2f51fc57ccd2133}\n<b>Bleed Damage Affliction Bonus</b>: +Current Weapon Minimum Damage"
        },
        "406e79a4-8780-4164-b115-d3bc85f6fc9d": {
            "Text": "<u>25 + {g|Encyclopedia:WarhammerStrength}STR{/g} bonus × 2</u>"
        },
        "965c2cb1-169a-499e-9ba8-572031680d19": {
            "Text": "<u>5 + {g|Encyclopedia:WarhammerWeaponSkill}WS{/g} bonus + {g|Encyclopedia:WarhammerStrength}STR{/g} bonus</u>"
        },
        "a8ffba14-8b42-4fd0-b8c2-43ccdfaf9184": {
            "Text": "Flame weapon attacks gain the following bonuses:\n<b>Weapon Attack {g|Encyclopedia:ActionPoints}AP{/g} Cost</b>: -1 AP (minimum 1)\n<b>Max Distance Bonus</b>: +4\n<b>Damage Bonus %</b>: +{uip|damagebonus|30ef0b17c93444bb9b0a0169c6fffe06}\n<b>Burning Damage Affliction</b>: Current weapon's maximum damage + {uip|burnbonus|30ef0b17c93444bb9b0a0169c6fffe06}."
        },
        "5381087a-81fe-49a0-8d72-abfa7ce59a9c": {
            "Text": "<u>25 + {g|Encyclopedia:WarhammerBallisticSkill}BS{/g} bonus × 2</u>"
        },
        "d212eaa7-837d-4d6e-8b2a-2b0283098a29": {
            "Text": "<u>Demolition / 8</u>"
        },                        
        "08f6b70a-6414-4c5d-a366-ee000e1efc1f": {
            "Text": "Las weapons gain the following bonuses:\n<b>{g|Encyclopedia:DodgeGlossary}Dodge{/g} reduction against enemies</b>: −25% {g|Encyclopedia:Penalty}penalty{/g}\n<b>Critical Hit Chance Bonus %</b>: +{uip|critbonus|baf7c232ef5943a186b8bb2a80990470}\n<b>Fire Rate Bonus </b>: +1\n<b>Hit Chance Bonus %</b>: +10\n<b>Base Damage Bonus </b>: +Current Weapon's Max Damage / 2\n<b>Damage Bonus(%)</b>: +{uip|damagebonus|baf7c232ef5943a186b8bb2a80990470}\n<b>Recoil</b>-75%"
        },
        "b6afe351-9d82-4e74-aebb-243530e55207": {
            "Text": "<u>15 + {g|Encyclopedia:WarhammerPerception}PER{/g} bonus</u>"
        },
        "f451238e-2c64-4cf1-806d-26aaf167b216": {
            "Text": "<u>15 + {g|Encyclopedia:WarhammerBallisticSkill}BS{/g} bonus × 2</u>"
        },                
        "bb7f40fc-225a-4f9d-b8bd-908667ce8399": {
            "Text": "Power weapon attacks gain the following bonuses:\n<b>Base Damage Bonus</b>: +Current weapon's maximum damage / 2\n<b>{g|Encyclopedia:ArmourPenetration}Armor Penetration Bonus{/g} %</b>: +{uip|penetrationbonus|9d82f293513e4bb390782188307f948f}\n<b>Damage Bonus %</b>: +{uip|damagebonus|9d82f293513e4bb390782188307f948f}\n<b>Parry Reduction Bonus %</b>: -5\nPower weapons will also apply the staggered condition for 1 round if their target fails Toughness check."
        },
        "effa4e38-5c30-48dd-9cd8-e4a6981c3e13": {
            "Text": "<u>15 + {g|Encyclopedia:WarhammerWeaponSkill}WS{/g} bonus</u>"
        },
        "6bca8308-a0b1-4371-ae32-a2fa250e0f58": {
            "Text": "<u>25 + ({g|Encyclopedia:WarhammerStrength}STR{/g} bonus × 3) + (Tech Use / 6)</u>"
        },                
        "284cc94e-b4f2-478b-9967-721eb6144fa9": {
            "Text": "Solid projectile weapon attacks gain the following bonuses:\n<b>Base Damage Bonus</b>: +(Current weapon's maximum damage / 2)\n<b>Damage Bonus %</b>: +{uip|damagebonus|21d6182a02014531a63f28fe5ff34530}\n<b>Reload AP Cost</b>: -2 AP (minimum 1)\n<b>Fire Rate Bonus</b>: +1\n<b>Bleed Damage on Critical Hits</b>: Current weapon's minimum damage / 2\n<b>Hit Chance Bonus %</b>: +5"
        },
       "19fa3740-d0b6-424d-9534-eb4520993790": {
            "Text": "<u>25 + {g|Encyclopedia:WarhammerBallisticSkill}BS{/g} bonus × 2</u>"
        },            
        "8bd043c7-4aca-4315-81ae-ec25ee98913c": {
            "Text": "The <b>Sweep</b> ability of an axe and the <b>Shove</b> ability of a hammer or mace cost −1 AP less (but no less than 1).\n<b>Hammers and Mauls</b>: Applies a random trauma if the target fails a Toughness test with a +25 bonus.\n<b>Knives</b>: Recover {unit_stat|WarhammerAgility|bonus} MP upon a successful hit and do +{unit_stat|WarhammerWeaponSkill}% damage on targets with less than 50% HP.\n<b>Primitive Melee weapons</b>: Gain base damage equal to the <u>current weapon's maximum damage / 2</u> and +{uip|primitivedamagebonus|2558102cf3d24a52ae8be0f0e898dec1}% bonus damage.\n<b>Blade weapons</b>: Gain base damage equal to the <u>current weapon's maximum damage / 2</u>,+{uip|bladedamagebonus|2558102cf3d24a52ae8be0f0e898dec1}% critical damage, {uip|bladedodgebonus|2558102cf3d24a52ae8be0f0e898dec1}% dodge reduction, and +{uip|bladecritbonus|2558102cf3d24a52ae8be0f0e898dec1}% critical hit chance."
        },
        "3f14d644-6af8-4e12-ac2f-3be5b811377a": {
            "Text": "<u>25 + {g|Encyclopedia:WarhammerWeaponSkill}WS{/g} bonus + ({g|Encyclopedia:WarhammerStrength}STR{/g} bonus × 2)</u>"
        },     
        "71c2eb4f-c0a2-4afb-8843-fdd6ff930120": {
            "Text": "<u>25 + {g|Encyclopedia:WarhammerAgility}AGI{/g} bonus × 2</u>"
        },
        "0e4b1b39-ac46-4dd1-b305-ba6d6c8111e5": {
            "Text": "<u>5 + {g|Encyclopedia:WarhammerWeaponSkill}WS{/g} bonus</u>"
        },
        "7177e477-67f5-4b6f-8335-fa4a52bb281d": {
            "Text": "<u>10 + {g|Encyclopedia:WarhammerWeaponSkill}WS{/g} bonus</u>"
        },                                                
        "c7785b19-93a0-4a18-b39b-cc85c865de33": {
            "Text": "Drukhari ranged weapons deal +{uip|damagebonus|505223dbfb2d4be6a758818c46878908}% increased damage for each DoT affecting the target and additional base damage equal to their <u>maximum damage divided / 2</u>.\n<b>All</b> DoT effects applied to a target are increased by +{uip|dotdamagebonus|505223dbfb2d4be6a758818c46878908}%.\nDrukhari Las Weapons gain separate bonuses from the ones above:\n<b>Base Damage Bonus</b>: + Weapon's maximum damage\n<b>Damage Bonus %</b>: +{uip|lasdamagebonus|505223dbfb2d4be6a758818c46878908}"
        },
        "135dc8de-111b-455a-9d63-a3032a3338c1": {
            "Text": "<u>20 + {g|Encyclopedia:WarhammerBallisticSkill}BS{/g} bonus</u>"
        },    
        "03f75e79-74ca-4b15-8bc7-204fdafd1cfc": {
            "Text": "<u>20 + {g|Encyclopedia:WarhammerPerception}PER{/g} bonus + (Lore(Xenos) / 3)</u>"
        },    
        "2e3a704f-b936-4045-a5d6-d95165b90520": {
            "Text": "<u>25 + ({g|Encyclopedia:WarhammerBallisticSkill}BS{/g} bonus × 2) + (Lore(Xenos) / 5)</u>"
        },                            
        "5dc453dc-f0fe-4a1f-bae2-cc8358348a7f": {
            "Text": "Drukhari and Aeldari melee weapons damage scales with AGI instead of STR if its higher\nThey also do +{uip|critdamagebonus|ba334a21868849f1b198440d0eff98bc}% critical damage,additional base damage equal to their <u>max damage / 2</u>, {uip|dodgereduction|ba334a21868849f1b198440d0eff98bc}% dodge reduction, and +{uip|critbonus|ba334a21868849f1b198440d0eff98bc} critical hit chance."
        },
        "ae6660a6-f4d1-4020-b904-ae0ddf675905": {
            "Text": "<u>25 + ({g|Encyclopedia:WarhammerAgility}AGI{/g} bonus × 3)</u>"
        },
        "fbe0c863-55d9-433f-8bd8-ea82afc7cabd": {
            "Text": "<u>5 + {g|Encyclopedia:WarhammerWeaponSkill}WS{/g} bonus</u>"
        },
        "29244103-efde-43e5-8ef2-2c1e7edb7456": {
            "Text": "<u>15 + {g|Encyclopedia:WarhammerWeaponSkill}WS{/g} bonus</u>"
        },                        
        "b19a55bb-d66d-4fbd-aeaf-ab05085e8bb6": {
            "Text": "Aeldari ranged weapons deal +{unit_stat|WarhammerPerception|bonus} base critical damage and +{uip|critdamagebonus|d0313fe1cb894406a012329b2c46c48c}% critical damage.\nSingle-shot attacks gain +{uip|penetrationbonus|d0313fe1cb894406a012329b2c46c48c}% armor penetration."
        },
        "3c8fa884-746c-4372-b816-95ffccead8cb": {
            "Text": "<u>20 + ({g|Encyclopedia:WarhammerPerception}PER{/g} bonus × 2) + (Lore(Xenos) / 6)</u>"
        },
        "2e512a88-07c3-4435-9453-9a3719a18840": {
            "Text": "<u>15 + {g|Encyclopedia:WarhammerBallisticSkill}BS{/g} bonus</u>"
        },                       
        "74316417-b0df-4d28-9b5b-92ec943b7f92": {
            "Text": "Force weapon attacks deal +{uip|DamageBonus|0618c379e430483bab1a17b2de559bc5} more base {g|Encyclopedia:DamageGlossary}damage{/g}, +{uip|PercentDamageBonus|0618c379e430483bab1a17b2de559bc5}% damage, and have +{uip|ArmourPenetrationBonus|0618c379e430483bab1a17b2de559bc5}% more {g|Encyclopedia:ArmourPenetration}armour penetration{/g}."
        },
        "b1bd5f2a-3fed-4870-83cb-642dd8c8df66": {
            "Text": "<u>(3 + 3 × {g|Encyclopedia:PsyRating}psy rating{/g})</u>"
        },
        "29c8a088-d9c2-46d7-96e6-e7b2639bd6f4":{
            "Text": "<u>(25 + 3 × {g|Encyclopedia:PsyRating}Psy Rating{/g})</u>"
        },
        "411206e0-b73c-4dd5-b151-a3014ce1a7de": {
            "Text": "Two single shots to one target. This attack has triple armor penetration and +9 range."
        },
        "49a7578b-8885-4272-a20c-0ae6822214d8": {
            "Text": "A shotgun attack that has {uip|Penetration|027e75ab89364049b844a720feca85ec}% additional armour penetration, +50% damage, and applies {uip|Bleed|027e75ab89364049b844a720feca85ec} bleed to all targets hit."
        },
        "200bbad1-a4be-4e3f-b364-abdd91c2bdf9":{
            "Text": "Dual attacks will no longer have an increased AP cost.\nAn additional attack with the second weapon will suffer no penalties or increased cost if the first attack was either an axe's {g|f:a270dbb75ea44128b951b5d18d0b6bed}Sweep{/g} or a hammer or mace's {g|f:bd5f109c46684a09b07fb13743d2a6d7}Harsh Shove{/g} ability."
        }
    }
}